,TN_NN,TN_EX,TN_IN
SF_NN,0.059602649006622516,0.0,0.0
SF_EX,0.0,0.043478260869565216,0.008264462809917356
SF_IN,0.0,0.0,0.042735042735042736
