,BICCN2_gene_cluster_ASC,BICCN2_gene_cluster_Vip_Lipg,BICCN2_gene_cluster_Sncg,BICCN2_gene_cluster_Pv_Tac1,BICCN2_gene_cluster_Pv_Ntf3_Trim63,BICCN2_gene_cluster_Lamp5_Smad3,BICCN2_gene_cluster_Lamp5_Ndnf,BICCN2_gene_cluster_Lamp5_Arhgdib,BICCN2_gene_cluster_Lamp5_Mettl21e,BICCN2_gene_cluster_Vip_Hcls1,BICCN2_gene_cluster_Vip_Gcnt4,BICCN2_gene_cluster_Vip_Chat,BICCN2_gene_cluster_Sst_Stk33,BICCN2_gene_cluster_Sst_Man1a,BICCN2_gene_cluster_Chodl,BICCN2_gene_cluster_Sst_Chrna2_Myh8,BICCN2_gene_cluster_OGC,BICCN2_gene_cluster_Smc,BICCN2_gene_cluster_OPC,BICCN2_gene_cluster_Endo,BICCN2_gene_cluster_MGC,BICCN2_gene_cluster_Pv_Vsig2,BICCN2_gene_cluster_NP,BICCN2_gene_cluster_Other,BICCN2_gene_cluster_L4,BICCN2_gene_cluster_L6.IT,BICCN2_gene_cluster_L6.CT,BICCN2_gene_cluster_L5.PT,BICCN2_gene_cluster_L5.IT.b,BICCN2_gene_cluster_L5.IT.a,BICCN2_gene_cluster_L23.c,BICCN2_gene_cluster_L23.a,BICCN2_gene_cluster_L23.b
SC_IN,0.0,0.0196078431372549,0.0196078431372549,0.0196078431372549,0.0196078431372549,0.0196078431372549,0.0196078431372549,0.0196078431372549,0.0196078431372549,0.0297029702970297,0.0297029702970297,0.0297029702970297,0.0297029702970297,0.0297029702970297,0.0297029702970297,0.0297029702970297,0.0,0.0,0.0,0.0,0.0,0.0,0.0,0.0,0.0,0.0,0.0,0.0,0.0,0.0,0.0,0.0,0.0
SC_EX,0.0,0.0,0.0,0.0,0.0,0.0,0.0,0.0,0.0,0.0,0.0,0.0,0.0,0.0,0.0,0.0,0.0,0.0,0.0,0.0,0.0,0.0,0.0,0.0,0.019417475728155338,0.009615384615384616,0.009615384615384616,0.009615384615384616,0.009615384615384616,0.009615384615384616,0.009615384615384616,0.009615384615384616,0.009615384615384616
SC_NN,0.0380952380952381,0.0,0.0,0.0,0.0,0.0,0.0,0.0,0.0,0.0,0.0,0.0,0.0,0.0,0.0,0.0,0.018691588785046728,0.018691588785046728,0.009259259259259259,0.009259259259259259,0.009259259259259259,0.0,0.0,0.0,0.0,0.0,0.0,0.0,0.0,0.0,0.0,0.0,0.0
