,CU_IN,CU_EX,CU_NN
SF_IN,0.04,0.0,0.0
SF_EX,0.0,0.029411764705882353,0.0
SF_NN,0.0,0.0,0.009259259259259259
