,TA_IN,TA_EX,TA_NN
SF_IN,0.0625,0.0,0.007407407407407408
SF_EX,0.0,0.007407407407407408,0.0
SF_NN,0.0,0.0,0.05426356589147287
