,GSE111586_gene_cluster_Ex. neurons CPN,GSE111586_gene_cluster_Ex. neurons SCPN,GSE111586_gene_cluster_Ex. neurons CThPN,GSE111586_gene_cluster_Microglia,GSE111586_gene_cluster_Inhibitory neurons,GSE111586_gene_cluster_SOM+ Interneurons,GSE111586_gene_cluster_Endothelial I cells,GSE111586_gene_cluster_Endothelial II cells,GSE111586_gene_cluster_Purkinje cells,GSE111586_gene_cluster_Oligodendrocytes,GSE111586_gene_cluster_Astrocytes,GSE111586_gene_cluster_Cerebellar granule cells
SF_IN,0.010101010101010102,0.010101010101010102,0.0,0.0,0.010101010101010102,0.010101010101010102,0.0,0.0,0.005025125628140704,0.005025125628140704,0.005025125628140704,0.005025125628140704
SF_EX,0.015228426395939087,0.015228426395939087,0.010101010101010102,0.005025125628140704,0.0,0.0,0.0,0.0,0.0,0.0,0.0,0.0
SF_NN,0.005025125628140704,0.005025125628140704,0.010101010101010102,0.010101010101010102,0.005025125628140704,0.005025125628140704,0.0,0.0,0.0,0.0,0.0,0.0
